cid,speech_ratio,longest_speech_ratio,speech_speed_ratio,silence_total,speaker_change_count,turn_taking_frequency,response_time,interruption_count,overlap_ratio,speech_volume,speech_clarity,engagement_level,topic_consistency,conversation_flow,participant_balance,overall_activity,class
1_1,0.29414792894434794,-0.07541483465212988,0.4660837229964503,1.240569116140967,0.05897637906097486,-0.27929221704648766,1.5927184564449761,0.48248509191021743,-0.5783509308399887,0.5647445615279378,-0.6936164082969228,-0.39059014990112245,0.12183453358227311,-1.9716189946164533,-1.8452591549589121,-0.19183189233918513,5
1_2,0.4230799647425244,-0.06315137440304586,0.409056892202874,1.441219476063239,-0.32350166891796517,0.07071136962186073,1.643812774963051,0.48875134097836803,-0.9051412352996939,0.33378076193899764,-0.4288789515073599,-0.40089000005971054,0.39113417993112043,-2.2805968925213085,-1.6120249848020056,-0.557187395624703,1
1_3,0.5494113610572747,0.19008992203163055,0.73985179813042,1.5402145507341882,-0.5361448311666577,-0.08983646447745142,1.4105288308355346,0.6647696480734755,-0.47818174642965167,0.4874998615366861,-0.7760310517297648,-0.6248559519976595,0.4280791517202545,-1.7777267627231297,-1.5852297806708404,-0.5275671165080118,1
1_4,0.31744711638537226,-0.16066186527257298,0.941476795187171,1.298250189500018,-0.04415229562189993,0.11116633676589224,1.6707898309073945,0.43057725347973247,-0.4041053411409493,0.5263362527542272,-0.3698587421598319,-0.31850528343640533,0.08602189543405842,-2.082059516726583,-1.7550246041649893,-0.7553990636199677,1
1_5,0.5150663083183331,-0.5357780840913633,0.6037541605331901,1.5944523707103746,0.06142543422496727,-0.33779100060391004,1.417514094928754,0.6670833204360015,-0.2863939623945373,0.6083102655179016,-0.5693697335658701,-0.36307626694758566,0.26137778143564216,-1.71955124655122,-1.8653284512885033,-0.6278199585605263,1
2_1,0.30816631905278136,0.7537036946769466,-0.03335873631376361,-0.17427766490842442,-1.422313095991463,-0.6543809302892655,-0.11414995362376537,-0.6518906626842641,-0.003079322257399736,0.2221733658555906,2.16674476339775,-0.10579239972661722,0.37492180948281845,0.3636452093958285,-2.116878480325179,-0.13977342136977128,4
2_2,0.07676981734913813,0.12459495939583487,0.18261577952571473,-0.11349050720561193,-1.5594303406221768,-0.4746320765804972,-0.37140696245290733,-0.6788765140785928,0.08850242816197307,0.41718068843678335,2.1200274306010547,0.34924120664972425,0.2986804175240985,-0.36314258610541494,-2.124313388116739,0.12173425155982673,1
2_3,-0.04598563864043015,0.28485097055908637,0.20521057819488184,-0.20410296092329502,-1.5356501911647595,-0.5899681941383184,-0.1794839719504953,-0.7079358109162232,-0.21838357186327517,0.6171093505837284,2.0569854585095104,0.5322965842969315,0.37092920488018183,-0.10734600259854812,-1.9473694022405468,-0.41342791454942684,1
2_4,0.29514888813437007,0.18439061092670866,-0.08739191539788954,-0.45708660424103653,-1.2419248422551254,-0.22896255552269934,-0.25909081213565216,-1.1795828783787465,0.29338331993748723,0.4334457869059817,1.9941077415272634,-0.1250813146425472,0.25526170122881864,0.008224901758561859,-1.9469509261925115,0.1479184964214739,1
2_5,0.5690069665286398,0.49546105294076936,-0.06951038128761167,-0.1338677205461834,-0.8585831327524468,-0.4268826823987279,-0.3450311804831682,-0.7641575281987143,-0.039890569752284125,0.3342706202599881,2.007411773830347,-0.21426810591808101,0.3248301434800148,-0.06431995358313396,-1.9622626106798462,-0.12156534512931202,1
3_1,-0.8651567952373075,-0.4615238194396004,0.714895603257121,0.2668616693135756,0.917546204267713,1.7643987468513547,0.4971299885395499,-0.6112963692895388,1.1038827404976572,0.08659704389009965,0.6419340833284501,0.7660448654563033,-0.9260035368049112,1.2108188206060695,0.8971947315486354,-0.7108369208545414,1
3_2,-0.7887945811365753,-0.8355084918735521,0.615722867206067,0.3102689909445702,0.6429309424201002,1.547388516717367,0.0878929810931392,-0.673017341603426,0.911350182518949,0.09465257739603034,0.8815615256412158,0.9358784745765747,-0.5302192785617137,1.5087884086355454,0.5000934426250377,-0.5666135095306432,1
3_3,-1.0149463680553146,-0.8467917894537282,0.5557454248126026,0.4247392176727279,0.5632255203709341,1.6993680910011115,0.2945071294325566,-1.1313823528252658,1.2464998468798898,0.30464223055421036,0.947906410752535,1.3964687413936363,-1.2243744496539584,1.7507477637223123,0.7589736793106285,-0.8598883191371547,1
3_4,-0.8372827335822324,-0.3580385069497545,0.524723146048337,0.08057380033873698,-0.018178529412806954,1.5580599440363703,0.1804400926665008,-1.0584935277833312,1.3839057696487034,-0.2346674161124912,0.7844382603210563,1.0923466595549565,-0.6707534386135557,1.0948321739360551,1.1377547103875512,-0.6018577602806112,1
3_5,-0.9665381243777883,-0.5007859962121898,0.8395417797213625,0.11769783711590281,0.25059954210327606,2.019045624638721,0.10792698739086674,-0.3866733630671108,1.1947932114155704,0.06555534260758457,0.96031258568114,1.0444989663850355,-1.056294649637251,1.423524256429087,1.0821200533938924,-0.6968103222135222,2
4_1,0.12447418946607541,-1.9386572084927913,-1.215484417915961,1.484590466203877,0.5752191615285474,-0.5295634195713301,-2.708079683637588,1.3742599263446549,1.752493326478084,1.6283567877361733,-0.6975033339014534,0.5796041760634044,0.512854650825132,-1.4739254230017862,-0.08797005980245112,0.39822241882484666,5
4_2,-0.22962493389900723,-1.9592621685015181,-0.8113392189028377,1.484804207111635,0.573472637462436,0.04693741818504897,-2.2192104090522924,1.2101154643177978,1.8855848094542624,1.5525846900664924,-0.42022126908594026,0.35338799085035866,0.32704159457815973,-1.59172979416501,0.26307879635467246,0.9582966135567139,1
4_3,-0.11508213897957888,-1.6756599004384782,-0.9311395530799457,1.5009799866051436,0.6795195417337898,-0.1742080297828712,-2.349606543143794,1.6615886118645984,1.4630087108210894,2.002023488477449,-0.6757100641847521,0.3818869013527271,0.35567251371263126,-1.5370917229415737,0.43472015069573056,1.2252141444103168,1
4_4,-0.05017348729043836,-1.6360821015241833,-0.9049325952606287,1.2462275739418807,0.4934671704140884,-0.07621320351144804,-2.197225834773143,1.234964381843871,1.8753259326673057,1.7876166906180047,-0.3250164942104822,0.5746536323678277,0.9227775254389734,-1.6809221384120212,0.3549566328436832,1.1077099252651792,4
4_5,-0.20353381520545902,-1.763394112661833,-1.2404072351374362,1.2282389625691563,0.20682419613980788,0.23909714277270322,-2.3681422725852284,1.2145505740413407,1.6053018427149996,1.533775940052572,-0.7142239012825468,0.3729035565941468,0.3630765920971648,-1.847574827639938,-0.12242246326369996,1.2069734579501925,3
5_1,0.793840878329404,1.5371282834959574,1.0034896179491983,-0.06980774772287313,-0.13621585743519443,-0.6020458834947074,0.021759501314811913,-0.9902475065716174,0.5530115613810471,0.22186069255202306,0.11005654210426502,0.2179501478844757,-2.403797864099111,-0.4918140344386203,-0.08565637044607646,0.25476761264892045,1
5_2,1.1541126015058625,1.82772679391827,0.6504501236666044,0.06201474624840847,0.05546407412512319,-0.008494877480741181,0.10249283230716247,-0.9601355765669706,0.5526070959288711,-0.43816140411623633,0.03898345535425263,-0.12912340058135902,-2.506145968204645,-0.7577853675054755,0.1918427463303501,-0.04066600221371869,1
5_3,0.9382724918754815,1.5427987368424154,0.6972993016354317,0.026981641996802697,-0.1298881371021236,-0.6151598282262125,0.29423769648840886,-1.016722003149543,0.5654577355185578,-0.37465265893081323,0.25105289657711666,0.2636623040196365,-2.6725149822851555,-0.8037591636800092,0.04084494223350474,-0.11362341990388236,1
5_4,0.5448178072623564,1.5774679285331978,0.5941914296879309,-0.29087401039493144,-0.0950171877828179,-0.48926965347108575,0.18474766335374695,-1.3369214470844282,0.7338672251422315,-0.07936079643726776,0.13569005628889055,0.3215190171175055,-2.4747302112538994,-0.9454877385713125,0.014204675919829476,0.09601658371178731,2
5_5,0.780381092655995,1.796081169933791,0.6496590925410201,-0.10681256260884461,0.09975869687652228,-0.18801382270360673,0.22383568432502748,-0.9169731811630809,0.1666728223359677,-0.13176339229125866,0.12141784978651968,0.3939579548648814,-2.2143446450587834,-0.856626586925397,-0.09357547490301803,-0.2304866917892889,5
6_1,1.5570131212481995,0.7842146801965113,-0.1264514261643912,1.3071459849540625,0.08707263323658371,-1.0274742246104713,1.577215442425625,0.5288624217948312,-1.0850357636997383,-0.37185141049192777,-0.9909725194984238,-1.2317214857991847,1.0263609850565176,1.7139055915104202,-1.378701112733296,0.7132466613649286,1
6_2,1.8737440631502347,0.7292927738038866,-0.12088404197053239,1.279534794164279,0.1333197776049601,-1.409475170220204,1.4314002218810575,0.4775667638202952,-1.3421042609604548,-0.030791415167881253,-1.1034465991027338,-1.3292511978236838,1.4829330322294516,1.5872155184790862,-1.428277854820551,0.48147720916351777,2
6_3,1.5667478992932877,1.0336899758765226,0.21329317964907119,1.6342717687502932,-0.06729950884262849,-0.3745145856477804,1.1690754396012788,0.3323842298777997,-1.0033002974483816,-0.1724598942544783,-0.7780094375090073,-1.0667729119492957,0.9022073636585216,1.9321625325127265,-1.517470784363991,0.6806349403826993,5
6_4,1.5723908750109319,0.7454909020353397,0.14050034193520627,1.5286354410300034,0.24141745554486943,-1.2027396324537833,1.4229668007861385,0.9203138240667699,-0.9267395238569683,-0.13122858788777764,-0.7340333799908223,-0.9411096257910998,1.325787455989047,1.5935124890076118,-1.6406678056330148,0.24028710558041244,1
6_5,1.2293293836859653,1.1681361404399517,0.23497177062069224,1.3037714099923736,-0.09900747136119455,-0.7587632068530195,1.5205752471719836,0.7497890868544815,-0.941329969439839,0.12626748070769886,-0.6816026978020119,-1.2386451211362206,0.8557526034709066,1.8243523936377615,-1.4089193707602015,0.9311578506780125,1
7_1,0.06464072402774915,-0.8820567069279815,-0.8608150426519495,-2.4869554095261885,0.21789359160994226,2.2054563199733552,-1.0723862834635223,2.8882240706318894,1.5429220488232276,-0.16064786399040282,0.26825883427902814,-0.0006153041359187594,1.580189644273555,0.4803218993986676,1.1161193072106506,0.26411555601545955,4
7_2,0.09818021060441151,-0.7285030762479348,-1.1179191218204971,-1.8906045369398863,0.023554296702814184,2.4203129956524885,-1.2210403231565208,2.6452255937818188,1.5788853794047966,-0.4589251875394279,-0.23072747512933225,-0.3941160623276606,1.6390070335396858,0.8508200351758389,1.1300557783490932,0.057543254737727034,1
7_3,-0.45234210044164175,-0.9582003532456869,-0.8256131019192688,-2.0572733278693254,0.42494709540768116,2.731002215551524,-1.0723971862154533,2.7548917464066385,1.9289232232623856,-0.461745094174211,0.030050563201467755,-0.139925325336938,1.7457809255512824,0.4881436477331718,1.0672416472457669,0.24880005711326986,3
7_4,0.3647516819547302,-1.4792116513519988,-1.1951015268613219,-2.4446426163695234,-0.18034979663637524,2.5464295692697423,-0.9606509952707937,2.9252326744804997,1.3842756692599212,-0.3680358287907765,0.19390948034302688,-0.4004081111368891,1.6337857791511108,0.5030977655353582,1.279037247933905,0.20363841690665407,2
7_5,0.23136964095531962,-1.1731517341855704,-0.884330249133488,-2.0986396885864256,-0.189269685359777,2.6482888956764503,-1.0666845277361143,2.901232766645053,1.5564432562531119,-0.3847361186799007,-0.04492852834493747,0.09676565275791227,1.489951307877732,0.6402028515068131,1.300594300215491,0.29626255749855024,1
8_1,0.21714920488032802,-1.1712863535148887,0.9165000787219313,0.03575823996031527,-0.4998774907866316,1.0790695781292647,-0.7770661329855304,-1.4198504211077732,-1.495068819745492,0.26397627281431446,-1.5500664369174257,1.9034470007889077,-2.0477563202581335,1.6596597010195024,0.21470425381569705,-0.02719677079805817,5
8_2,0.3653020732616543,-1.4467881319083093,1.0056775703497953,-0.5254188572905572,-0.31689189305391074,1.1435287223194979,-0.6531377436799841,-1.2119230995744568,-1.2235342846313884,0.8088839643492657,-1.648604198762612,1.4988787886372243,-2.2068931234228577,1.701674578332205,0.31454927129644306,-0.2418618745010855,4
8_3,0.28113184156804294,-1.0095951422992506,0.9701244621276016,-0.098440390204835,-0.41452264599831373,1.0755964628814274,-0.6003692452727626,-1.4321259808997577,-1.5665908998892188,0.38218696574029787,-1.2208773023126036,1.4108859806419205,-2.0252177937615397,1.6403331650570754,0.28593448909281405,-0.30647877868672757,2
8_4,0.07252871991350435,-1.5169427418176062,1.255022694354218,-0.3257579625609677,-0.7116611580263256,1.509591605381512,-0.5071991471780465,-1.527354205991204,-1.5131275923851915,0.9951842083111764,-1.1421052163061096,2.012023873005653,-1.920968772136961,1.8825070374807464,0.21896580638470384,-0.09444341607514854,2
8_5,0.597102056716768,-1.0453850503246898,0.9530145021631371,-0.2613987399346074,-0.5020274674564025,0.9421278886322155,-1.0948410651448959,-1.4643611095235678,-1.4851239247564596,0.48855606779240385,-1.3189853099440048,1.7239868387910182,-1.8105580530399443,1.6245689134850578,0.4823441436393092,-0.6392112102399872,2
9_1,-1.4928898050530133,0.9397173280496693,-0.9433078833731123,2.5046113212256422,0.5991987861744634,0.8832418472413481,-2.21555936197191,-1.5883898590076921,1.280596154056174,0.1849080797006944,2.3899423084629645,0.518870337112586,0.1435234352097641,1.6866394400056859,1.1673719832632847,-0.2867268324031895,2
9_2,-1.5923318841285052,1.5413667578853312,-0.9047886730758385,2.565246891250621,-0.05005251368428747,1.1736875024633868,-2.025216403829787,-1.274079579538899,1.3825587675222948,0.5034346209523757,2.022976509233408,0.4960388825204364,0.3729303877686007,1.6472566659695738,1.1337651182815807,-0.29700209541091765,3
9_3,-1.3775757151349686,1.294255581690901,-0.7446993860511897,2.6173042409852596,-0.01953595173770746,0.9796930569302947,-2.154697414522215,-1.5188549254923882,1.4930409207302098,0.527521253330657,2.111120140621116,0.4098645750251359,0.004254092475083376,1.572849978236916,1.481612272231986,-0.008693538962960518,2
9_4,-1.396626723050201,1.3365001490155712,-0.7986016712675903,2.8087696982673216,0.2113667120621528,1.4153569438086233,-2.115407006345711,-1.4438003329976539,1.0579957741578094,0.1716290576407531,2.035771028139313,0.8440866779331466,0.04177397993380533,1.7583315811499851,1.006852420010894,0.04141745541332745,2
9_5,-1.0329433693627563,1.482667471206143,-0.5909997886551286,2.5155151118433774,-0.24822139600522458,1.1058257465848615,-2.032013013309892,-1.2230300200145114,1.5204589482908286,0.4021520504115889,2.1235199413421486,0.6281765079898172,0.2457795661784451,1.8850631771656865,1.2118411641811606,0.1100765609718937,2
10_1,-0.1172413435747033,0.4622043423860177,1.1874498600309664,-0.7611313658331682,0.490252610816209,-0.356016987696089,-0.060541899975288166,1.3172698611869602,0.4058254179918578,-0.15886651172606325,-1.3332622061505441,0.606229403039386,0.8844935069260439,1.8586173423487051,-0.4195626044073185,0.2945927026768431,2
10_2,-0.19332576171665353,-0.260334361691778,1.3529336879749712,-0.6009218709228031,0.028474598485150437,-0.47463738766661306,-0.21722905271334544,1.2429037983098175,0.3208263349640955,0.24389832800747385,-1.1354855030945497,1.0083623309656633,0.6010016254499623,1.9338629975587724,-0.3306962950145946,0.34580382812465416,2
10_3,-0.4722231145018021,0.00833207245707393,1.1973917632372573,-0.7682677811226977,0.3204260973016352,-0.3229277330245013,-0.22156306190327132,1.5672047834219507,0.17466883234138958,0.26989571447377436,-1.2913110717043783,0.8376042098579775,0.7594376371875162,2.252796435308923,-0.17923368297949205,0.4849808336904252,5
10_4,-0.19944322940934858,-0.12154124777033448,0.9212838599744975,-0.6957026528649448,0.07131915233283392,-0.33005359771754395,0.11767586006820932,1.0793807898224954,0.36924668477488143,-0.2971221765961777,-1.3005643541802074,0.738081979308019,0.6216845859948967,1.9276753947093457,-0.495182635832986,0.5429107326680586,2
10_5,0.01324687975548372,0.40164915414627467,1.25810836493237,-0.7231123290310235,0.24455245608499793,-0.30599601894929296,0.061297238719613664,1.0960929648570272,0.1882916461512811,-0.030199955441065823,-1.481755257343531,0.5169553245073071,0.6579847277909706,2.0071599220403913,-0.4019998694135407,0.43417518270739675,2
11_1,1.3504798514726475,0.7869719346100637,0.08159947495058378,0.025681153525070388,0.5476976379124184,0.7882371604144797,1.8222963309844145,1.7387007636477974,0.8456717263543365,-0.25673940676442036,0.07556265907165637,0.11678793130641174,0.6323057279586839,1.3830368882638486,2.0031569876095214,-0.22162477591169805,2
11_2,0.6570586676727319,0.7922130758247221,0.0038241780819633364,0.3447779888762447,0.17544771748637888,0.728372481043587,1.3933906567403125,1.2412920041317546,0.46841427889908654,-0.25591163032034503,0.37249856589840313,0.4671708582201963,0.7949553661822208,1.4594777870035132,2.1214750772603237,0.11079188785607788,2
11_3,1.4380171704795273,0.6349677657071716,0.08519389002644698,-0.348664850690585,0.5125131373182713,1.2083969278308366,1.5958100516802307,1.750393554341146,0.11651580757388147,-0.48168765486696297,0.3955133849783463,0.4967580576744754,0.6679274273245921,1.1645290471488894,2.44715341585761,-0.5133383639918937,2
11_4,0.9654310517606279,0.08758823076109107,-0.03897542541889583,-0.30243951960282295,0.03179444772762327,0.8523951541559348,1.7978667742259606,1.194528893537541,0.7342983119823034,0.00501359398630688,0.1998913694743947,0.37939704610692704,0.34327687474680635,0.982743094222357,2.459108817979532,0.10226768240072184,2
11_5,0.7659122219312688,0.4004942308068007,0.07168010209525877,-0.07492209717548987,0.09230733461017927,0.48985920497256014,1.298453668341378,1.608512283256403,0.8099099583203355,-0.4239156836391518,-0.11305234567731023,0.2196012570873166,0.19072194558522326,1.549124929156391,2.414693436989531,-0.16970345089800595,2
12_1,0.67047252336215,-0.10260976307947706,1.3708908605906909,2.326152849912203,-0.3088518757791347,-0.4268870433517855,0.07029289092923151,-0.5631372710157536,-0.7680282797974084,-0.43996007679313154,1.8767945429624349,0.5280874905282067,-0.491271821716545,-2.415808611024738,-1.5077102666818591,0.5367830065211813,2
12_2,1.1344415871142866,-0.2131296330597631,1.620132698418784,2.4581397496747837,-0.15378616250270083,-0.08793049316454643,-0.04882798691631671,-0.5656816240932877,-0.9465639280638011,-0.3505366473759386,1.6488545067348959,0.8131201914412973,-0.6018138411474191,-2.520465824717851,-1.299826472521136,0.6422757646990744,2
12_3,1.2750786376294707,-0.18898098600880253,1.5111631088661084,2.4583668305188624,-0.3855344885097794,-0.2613696650574674,0.34509585051310876,-0.7446409135380025,-0.40201815556553583,-0.8291457345418867,1.9500721133827474,1.1775534334814797,-0.30597923960426476,-2.8865211546622205,-1.331751349729264,0.95265487578908,2
12_4,1.1031215190663017,-0.20768828986996252,1.6742226648802916,2.097990310481971,-0.32106666186164745,-0.12691910110911292,0.27365663444959326,-0.46599985147367357,-0.6059485640245988,-0.7730173369012698,1.6857584297263002,0.4450229279094785,-0.276457936779329,-2.8922671222173544,-1.3734844176823255,0.69931126276869,2
12_5,1.0406637333072395,0.0911556140169536,1.609865000596964,2.3838011876878733,-0.5650841072185658,-0.547414389095571,-0.1303263862238391,-0.4967291615392762,-0.5457897272268672,-0.7587461612598,2.1255917925432097,0.8275031988538242,-0.4693870101410472,-2.301193475453161,-1.7102501097796519,0.5361245784353683,2
13_1,0.43205810506553793,0.16574609504628848,-0.00115568552607552,1.098118499020392,-0.5050199279049392,0.5666214738332211,0.6252978308949617,-0.587098133887854,-0.6086513157488931,-0.33293153718570545,-0.3745184205814982,1.3307853408155308,-0.8844326368586386,0.20467261627698147,2.4970882850432146,0.1875556662380633,1
13_2,0.44295545239098055,0.016369415397163106,0.05437659578345471,1.2884382848227875,-0.5315598887416663,0.484140307837816,1.141715813196576,-0.22000791650613927,-0.9341197724906677,-0.4243025184967191,-0.47928599992671184,1.6682744762723676,-1.1625031921586009,0.3962947296174835,2.8815884962197633,0.3023388854445836,3
13_3,0.37673714600375807,-0.1732200740307559,-0.2331750511341527,1.4270715172704775,-0.7604780397048252,0.3712809832114061,0.8316271739250503,-0.7016195619638032,-0.9744295049308306,-0.14365016838244304,-0.5859932503577392,1.2926072217093485,-0.795555695767044,0.09017990373435772,2.6385736004806954,0.8366277237113605,3
13_4,0.5617338746992193,-0.30831860783137766,0.4259486049265371,1.3982062266426818,-0.6813245542891699,0.5023868926319726,1.0606053723419384,-0.6469114385419272,-0.7148702169998271,-0.33447664119677684,-0.4277574254492453,0.869589709360508,-1.0240134908343947,-0.11231015976428792,2.398942344886522,0.66027516882827,3
13_5,0.2094182559412009,-0.34781920933611987,0.10603347875366789,1.4704180607127895,-0.5252847656162509,0.7589507201575441,0.7991041417117679,-0.6170439660865961,-0.9281152802118722,-0.07800660549617254,-0.36088238101397574,1.2688118007383165,-1.215887146211775,-0.10947785182864371,2.405190791766237,0.365280384212863,3
14_1,-1.8711973244423783,0.3568422950139747,-0.9960646374597929,-2.3325841893106904,0.39421483600478974,2.4911757181039498,0.2111082016264223,0.9334304210276324,0.07682396679853623,0.06466360664891475,1.1971179927912312,-0.1787124829182789,0.2694628380405791,0.059330559725981724,-0.8811131862581233,0.9309974086655893,3
14_2,-1.7346538390409965,0.5187890106017022,-1.463848387672717,-2.2821964971909705,-0.1890756365075808,2.5516533802594914,0.05058897214813809,0.6798343956849072,0.18985190088419035,-0.3553893774154472,0.7257730778007699,-0.2068364513121385,0.12965896307931432,0.3091664149555247,-0.7808202591283173,0.909856118276686,3
14_3,-1.7264994013963417,0.3235047897102479,-0.7991321786209252,-1.883234579767203,0.24197739187563588,2.344341516839797,-0.12463649901579123,0.7370242193739327,0.27193696013325375,-0.013823841095823852,1.094492236857886,-0.15556151555131134,0.6102977277106494,0.10982069743418554,-0.5920187475662655,0.5572780982895833,3
14_4,-1.917445820827663,0.2755298956350201,-1.1499009878778734,-2.3621861814773686,0.46597166430187253,2.76653098372682,-0.20476215675122886,0.9543706222864425,-0.2247177152315869,0.10770129345457984,1.0023237563732876,-0.07503787992258729,0.24292293354368188,0.23466648662506326,-0.5048669664315821,0.7304326452248391,3
14_5,-1.973588524261794,0.4163480230524286,-0.9568975952895445,-2.400549730627692,0.4771398807351472,2.7341848789561083,-0.06748988848211358,1.043721630731015,0.14011934318992625,-0.2450260459518988,0.8795155458084672,-0.36622601218469975,0.24986466250860745,0.35224138603997934,-0.5504504666486774,1.09377599945395,3
15_1,-0.6999150332941529,-2.602477553917803,0.20686527074968317,-0.2859006206106433,1.2005638811151733,-0.1235445046186405,-0.7410578315962965,0.0660893196432616,1.0508013695030123,0.5518894553613833,-2.4393339432288497,0.30062918025446805,0.17405221206664745,0.11913933332892508,-0.6255036852500038,0.9811285572228692,5
15_2,-0.6430281376386189,-2.0602783104947062,0.47411638210789864,-0.04245302289153888,0.9378716944632621,-0.29835701336479503,-0.8133009103675185,-0.4690887136934137,1.5043100126012754,0.35472795404803864,-2.478152981265189,0.13040483210898712,0.2972434719632251,0.14489747730734004,-0.4387951938966401,1.0779163867926567,3
15_3,-0.7812092822494507,-2.324574532964566,0.6092034538431405,-0.28496306074194694,1.1885820164380143,0.01637472680053717,-0.812099437163823,0.02476268516461383,1.158323520782548,0.5814319586912438,-2.4527766065551107,0.16858884214321293,0.39830001753020405,0.09733213755778265,-0.6047941215154562,0.8961446452121694,3
15_4,-0.8869552204013326,-1.821402472825583,0.4146078021956857,0.26338213248257963,1.1239641694981481,-0.4826676317281573,-0.4536707473424053,0.0004142811583422029,1.35101913742976,0.710005897446367,-2.4615934533447894,-0.05909215517110189,0.19395748094419987,-0.18835405604237937,-0.7269945815295338,1.3122475553905664,3
15_5,-0.8047543647468471,-1.8725446745633152,0.2635288564543426,-0.4789991676554193,1.066458853320381,0.1604470491013548,-0.894310384659493,-0.29707903206388175,1.0022306749509076,0.41130086228623614,-2.597339349869834,-0.23305663344598418,0.35357352188257846,0.04949413537340773,-0.9506597315293184,1.4859710264976937,3
16_1,-1.5596932390750804,1.171938493561727,-0.41258065640110364,2.7492603273823546,-0.5465662213990191,0.4800573194080894,1.3137721297411746,1.9673609963031793,1.918139112515837,0.8350589071785304,1.0075263886429227,0.5681774475245264,1.081051024815064,-0.4250233794175779,-1.023036248288148,0.36744405585588563,3
16_2,-1.5955787519256555,1.314916697966478,-0.32237627985412554,2.4973545094338894,-0.3245193242591784,-0.20292116009825498,1.2914403139434985,2.075821757025967,1.7793386770188229,0.9734721252397991,0.9185071529622746,0.746814747584348,0.39916810790517987,-0.5171260438960545,-0.611606093991746,-0.04236349909674374,3
16_3,-1.4229362932561513,1.1560439354947998,-0.7858415130345043,1.9837468430119225,-0.5697505796675159,0.5390016225309858,1.8743617954774496,1.9146736368418686,1.9410611645640417,1.3021210818081472,0.824385437973804,0.6528853291650762,0.9315771318435758,-0.30579907155167185,-0.8382296987182978,-0.04410920744634523,3
16_4,-1.3483902753577768,1.1240517918611617,-0.5651638494028532,2.6072548532239384,-0.33220321794034074,0.1366919478371532,1.3985452753575311,1.9092206993046519,2.2721150632394735,1.6150272903138354,0.7613109630742558,0.37346662618721166,0.7446017188262087,-0.5289944971149247,-0.6608049703113081,-0.18160105913124933,3
16_5,-1.2936980655122337,1.187201258344403,-0.44336537359239936,2.8090706593827948,-0.482578565778433,0.1836114223090025,1.6313099715013128,1.8654385836464282,1.9500473518155816,0.995559383552923,1.085475429125511,0.5662463679967354,0.6137374638970218,-0.5840215986526345,-0.7241992312696732,0.37956800378864636,3
17_1,-0.55246673678059,-1.5596216527013163,1.011915877498188,0.20251145872631984,2.199428720987789,1.1534938202932072,0.7104073752949,-0.2734137488091679,-1.290152808480492,-0.1258315232743088,-0.8077738011095124,0.7261639508725707,1.9983712203101298,0.14288095610684248,0.8907973183328679,-0.8286170192329709,2
17_2,-0.6866627174190151,-1.3977083310605345,1.6462202356592124,0.3109029473533818,2.4356329527383815,0.8266931545740129,0.1851660350820692,-0.3950739678258296,-1.0228314008516197,0.05595340640608784,-0.886663447264434,0.7575391053332468,1.7857305405312172,-0.2992765577584581,0.7006680501273537,-0.6656848267406746,3
17_3,-0.6206833356026122,-1.1906366922719953,1.371587418090982,0.1290884360616426,1.982713857598368,1.0250414336595721,0.9638247086096714,-0.6487109114678216,-1.090501672522365,0.06471312659463865,-1.1402208724549738,0.7406647399807011,1.4201737920677544,-0.17525084667560048,0.9070621193902872,-0.492083071080884,3
17_4,-0.6126578288910643,-1.3412163057007251,1.3337431698212188,-0.041624126261465555,2.2704929216586076,0.8932384961582355,0.6085167129055342,-0.5209729157430545,-1.360932866610607,-0.0010952650771959282,-0.9769410431176132,0.5367981856201056,1.6466083403968899,-0.052508369484542794,0.8530833052187176,-0.749605971254967,1
17_5,-0.6050303244189362,-1.478770587608711,1.305999730139704,-0.1961166448378745,2.32645659359221,1.1917336118786985,0.24762993596809435,-0.1864337420997041,-1.1159502041363598,0.027295485145127668,-1.1167025069477416,0.6772992991624804,1.707139427093573,-0.41892553114418585,1.1834258012568013,-0.9135051978318136,1
18_1,1.129362705183292,-0.4535417421600723,-0.6706319664216308,-1.2157567798990674,1.3768302353232778,-0.5291422809858501,-0.09056519152035385,0.4771057959483884,0.48285028283773934,1.157930539827274,-0.2654580306038411,-0.6917721582010512,-1.4689616705842448,-0.16099825235792947,-1.0279256855185421,-0.3600204914603653,1
18_2,0.4908069326270719,-0.4373395896851109,-0.9163771952765556,-1.056630217785188,1.6679773527874737,-0.6884542781263726,-0.11307644352192389,0.479982727733224,0.46270148739029127,0.7894502624753981,-0.23246898472602934,-1.268534200854992,-1.29704081584098,-0.6726759142010017,-1.0986080694316969,-0.2964040270138327,3
18_3,0.6823763161931806,-0.3304123044363775,-0.40006226819823343,-1.1122581906599407,1.4958715568854395,-0.31545481532878317,-0.7393854946164706,0.43573064890190716,0.15139250626444983,0.38043351630977845,-0.27708939993333254,-0.8639362294383215,-1.3411550118978544,-0.3886803234022588,-0.6293948230768949,-0.040633814590948725,3
18_4,0.6649631675976955,-0.22151205226706522,-0.7882013913205306,-1.2064447101408848,1.4066376475292561,-0.9962148208221488,-0.1138921840742434,0.3288234185169718,0.5780234375710867,0.8687888266109783,0.07884686497742383,-1.1172594620551703,-1.3347713193727775,-0.6161265629862657,-1.0397682168809788,-0.7451668885842719,3
18_5,0.8238080176297039,-0.791657046270533,-0.5046951252375657,-1.4604890831420265,1.279088708948007,-0.6495460728087217,-0.23972604357927224,0.301529235983533,0.49910355950454877,0.6310540769795591,-0.28330069259385476,-0.5924944918261995,-1.2381951684196701,-0.6153531906291733,-1.1076808050602835,-0.3424830143918239,3
19_1,0.0033901899844667183,-0.6166579936303827,1.0223010090174318,-0.1569267964111153,1.4708276054871465,-0.2044914776631048,-0.7506328146760016,-1.711150298043064,-1.829391069674406,-1.568765566413736,0.2221554546498677,0.37872450706524186,-1.5474597676387878,0.9834264439899972,-0.7011408671720087,0.42897948793480334,4
19_2,-0.2777091262176193,-0.6442381367790995,1.1523148511164645,0.14863091383630805,1.912860886610103,-0.20961765515992617,-1.0478262439077133,-1.6428282783425223,-1.2675177015282666,-1.6812661782236242,-0.12475139420666537,0.6552548953757504,-1.4100987002956045,1.1525031921065434,-0.3888653509420834,0.3159133148789397,4
19_3,-0.5577813020179142,-0.6121950220814887,1.276123602207194,-0.11281239314338676,2.1796837457658733,-0.11067011673441132,-0.6506680410544914,-1.461650024858583,-1.8300014245500547,-1.4219742883735333,0.42582439512192605,0.15901862858229765,-1.320322653456503,0.5625399164689806,-0.27655181081510805,0.37213403935106604,4
19_4,-0.3697049176716602,-1.0389177129540212,0.8831262876762598,-0.06471967844642515,1.9111063898499487,-0.09292965614497953,-0.9909404505446682,-1.2710511107756988,-1.8332608601433138,-1.72688671425962,0.4891871234080363,0.27204378557662756,-1.9069687387470364,1.1495358033958634,-0.10478348177337171,0.05437380825526969,5
19_5,-0.542003477131596,-0.7764906856914331,1.0531495474782213,-0.010147836368238392,1.871485175280681,0.08661708022229872,-1.0298786983109787,-1.6936719651696617,-1.8112540416049803,-1.8198685608997398,0.2763494722516922,0.4985545189817189,-1.86194203104265,0.6044052848252599,-1.0078186987932927,-0.09734099795083323,4
20_1,-0.8278835017218342,0.3470413647128047,-1.0166121675769755,0.09323695495691767,2.5285440740932206,-1.6926426429701804,-0.3741755877614351,-0.5054833950181983,-0.6429647061285823,0.7797185463815892,0.5048660553695403,1.1367812059131146,-0.10827815940800548,-1.231104941824663,-1.0236731334721867,0.898414257400715,4
20_2,-0.8104574490881621,-0.10891244284694021,-1.412977051584272,0.558271959273915,2.5238352371419026,-1.815412147593462,-0.4508823050312041,-0.35070320077928224,-0.40098829855904206,0.9409650670121548,0.438117683061653,0.8412951343580359,-0.15137744917452442,-1.3163241753150556,-1.1250892989515824,1.0745650971954226,4
20_3,-0.21112042277366827,-0.15389179647052975,-1.4382391971011799,0.7171178141371247,2.7813410309037185,-1.768121496802079,-0.24370731453574873,-0.8428055100403552,-0.45457883567047397,1.210955402977139,0.9648974328831036,0.615057639675102,0.2866423964656771,-1.2457315077766609,-1.0820731477740964,0.7447138630156447,5
20_4,-0.6288886775628166,0.05410888755999211,-1.1023154533050734,0.5305532656599997,3.099573317786912,-1.767148938026958,-0.12482935890083202,-0.7247880035331771,-0.24286781078558325,1.2401557320464316,0.46083445854846977,0.6993508867460952,0.25957334246306873,-1.428410707393469,-1.2935553437950602,0.609467807106773,4
20_5,-0.6714248723292764,0.19761696751649563,-0.9302454308567355,0.43307561104633435,2.504628117885261,-1.7192209639719782,-0.35616018196362387,-0.525646855486421,-0.19547720919261502,1.161585349037187,0.6131162008273411,1.062796550269709,0.025191252903786127,-1.4984742501904011,-1.1472987540487325,0.5972791785053024,4
21_1,-0.01646385259287253,-0.6744207227706722,0.07580227310691819,0.005378677911460461,-0.025487446952040655,0.7352797053254709,-0.7714275641470059,-0.24594714755324232,1.4708004420828655,0.007711871444660536,-0.5097942141931656,0.3231352286093503,-0.33229896200381387,-0.6425648679007312,-0.9964369806502543,-0.5626894353878693,4
21_2,0.16905454635514086,-0.30065040123910225,0.14871907652909863,-0.2330958162415285,0.1916153065376171,0.41389820241584674,-0.36799740178958856,-0.11834977981153763,1.6670632042629399,0.5550161346072425,-0.10072728118963536,-0.019280025818310384,-0.1664792354479294,-1.0633874739310483,-1.136972463397532,-0.8452878277726257,4
21_3,-0.3162856963913432,-0.5453638755525686,0.29780646936246874,-0.3413424248325298,-0.14149920086478215,0.8337249965648093,-0.5178640356447994,-0.37495161961385853,1.600758182206547,-0.09455527262142242,0.026273832442366002,-0.05023137607275306,-0.19328328537452968,-0.5205779598754783,-1.0432820114144707,-0.6122206757342756,4
21_4,-0.1379752200671042,-0.6649914033493062,-0.38097623818111237,-0.16162441155237986,0.3147404144301431,0.793850522805059,-0.27018945874259825,0.02778233271638056,1.4727527409554513,0.04254726830614609,-0.3027408537122588,0.019298128117779423,-0.03821014305530218,-0.4687954055194614,-1.0259190923159203,-0.8534691931202872,4
21_5,-0.7575516041022716,-0.545061528578493,-0.18150921884778204,-0.17665909224493415,-0.2507220642037733,0.32530791534084696,-0.2162445912711268,-0.2834622078337411,1.3756887907987803,0.09958893659074525,-0.25332857923987917,0.5032739177486714,-0.21596832515473438,-0.6365472105566226,-0.8038415709043482,-0.4429806950286229,4
22_1,-1.3821298130337565,1.0872292318947356,-0.7068888085447447,1.7995938108355682,-0.9044728105947477,0.5858137597667294,-0.32412529718657535,0.712611254117385,-0.7802765651759616,0.06007143286148023,0.18399543848396993,-0.8585503106398858,0.8285194931820713,-0.5092902349327872,-0.09402766814665459,-0.8759865478602367,5
22_2,-0.6208523021022572,0.9607629434990848,-1.0636687207072668,1.3973765352942653,-0.5464015547857579,1.005913272221325,-0.21041416443700933,1.0014379514110474,-0.47295540712866013,-0.009089483242382984,0.2933059507420281,-0.9662437651617829,0.43034885310311355,-0.3554208954247057,-0.32297183422671133,-1.0738553387996042,4
22_3,-0.8072491617157008,1.1554211184274477,-1.313398730348307,2.1241484700422073,-0.8661019138648955,0.5498469151714506,-0.29829471027685855,0.6082727716046701,-0.5065534925359749,-0.4815363091425008,0.29930851470909425,-0.7324215716936426,1.034888499827423,-0.4481272147643257,-0.09610370330711543,-1.1675947642099622,4
22_4,-1.097091357381939,0.937553627654666,-1.1851354506463867,1.7182184857202905,-0.6760479439011072,0.7419006807708373,-0.3589011217710414,0.6864797200335713,-0.48390510685930227,0.1862103799252635,0.07405096410942762,-1.0788041384919855,0.8307461514344918,-0.4735165026038788,-0.542798586474953,-0.997479786932946,1
22_5,-0.8620906982729043,1.242349310004683,-1.1886512776426903,1.3174090824636466,-1.0066082885403667,0.6833170826861868,-0.1603128073410328,0.4796601092034937,-0.10658402720418869,-0.5416875198396872,-0.07182085961585907,-1.0187941764800275,0.700674512709553,-0.7596420324345518,-0.13902756578965983,-0.9201305643457278,1
23_1,0.32645587857006125,0.5669004848233254,-0.3773452214996238,-1.8579894705119064,-0.7179101814068185,0.46950560779952555,0.286442090937691,-0.00011645195092668814,0.6744333145532748,-0.8350250867731375,-0.11245321845910447,0.35525450020045635,0.009024545167333184,-1.1005032284620804,-0.992253575095211,0.6562663889314535,3
23_2,0.7471370039015666,0.03916267157317782,0.02757386783879273,-1.6788476390282199,-0.7335524698810063,0.022598926971921368,0.31931184779397437,-0.24657579003616903,0.18064246073819717,-0.2591117395742952,-0.13411342265085963,0.7213104023128583,-0.3019810338815966,-1.1016397198271823,-0.6247790698998477,0.7254280471963435,4
23_3,-0.3169267313537458,0.17951468203090845,-0.46013146662461746,-1.582694665365857,-0.5408046097653594,0.12661458533790781,0.09955266955726584,0.26200519379979603,0.6811073813976927,-0.4733504503097967,0.04918419942815881,0.7687232205888931,-0.21615169674840667,-1.4018627848433145,-0.8122681722816728,0.505845130429985,1
23_4,-0.23318950014904444,0.14559034731526266,-0.44557162990710064,-1.4105702988087632,-0.8472314683038069,0.39973086139043984,0.1753802603576992,0.30345599301984205,0.4278099462290219,-0.5909079630710902,0.10037777777793508,0.536190685856619,0.10571501092669383,-1.684836673464152,-0.4770072618975496,1.0024072456783992,5
23_5,-0.12532267630816418,0.46096695809246296,-0.22478007768956001,-1.6498681757345477,-0.4952417874565442,-0.02439742794278335,-0.054017755150971264,0.4040472936349576,0.6669299906927402,-0.3017764050873509,-0.1441068845670026,0.3873877000511753,-0.1566116823938618,-1.4081356967139012,-0.8204153276098475,0.6806271128940776,4
24_1,-0.36321682517624976,-0.9484465264233014,1.4264075008972807,-0.5802114919364602,-1.831937615627221,0.32154136543625633,-0.3984185283273934,2.208449496410326,0.2869528540347389,-0.05553959331148259,-0.8621568488293597,0.24041319629524116,1.314834208550222,0.6870488661228029,-1.2235183031429133,0.6374406123922982,4
24_2,-0.8405081841562514,-1.0093505375654381,1.4175386123640525,-0.4445822467300684,-1.6511561181234018,0.38267292675836817,-0.31398938821801914,2.885066766148989,0.5366480053442547,0.22215345525860616,-1.3910647693604532,0.6001147471030923,1.420557852102682,-0.07785526840819385,-0.7633206702723219,0.4782151041550905,4
24_3,-0.1426697109978909,-0.7394525932251599,1.6908665207818527,-0.616739479928967,-1.9047864291623529,0.13364610231357132,-0.23954956799824279,2.263757373541747,0.20626906709676773,-0.009930451939475948,-1.002960163002384,0.24566429430855868,1.4457874152501755,0.26383440006122827,-0.9207299032203662,0.2827811503653161,4
24_4,-0.15168238699222097,-1.0752550406175485,1.2110653713894621,-0.38509745957290115,-1.8831062843475455,0.08642027738407712,-0.07725906378235164,2.0682215507408683,0.5083147918400892,-0.15444602366199447,-0.7843120661681828,0.5011975142893719,1.5094777509115727,0.23973925416118053,-0.7527551913127538,0.8059373911808664,4
24_5,-0.2686008273521047,-1.0717878402799828,1.5783517907259508,-0.5130195687238651,-1.7257624285768174,-0.05477161243640391,-0.315998480527032,2.3761288895354538,0.543591497035154,-0.40384615886669584,-0.9052450539749269,0.04138892570018465,1.4914452792894994,0.17154674515671767,-0.5063011036128569,0.562654877611132,4
25_1,2.0273387732524757,0.994015875122851,0.7167563499053227,-1.2622335339207533,-0.40553339980084907,-0.4370184098662769,-0.37264768780558627,1.7704870879320525,0.2388652185877992,-0.9084754932079969,1.514798282101053,0.9686718378011955,1.15213107826603,-2.1850367409296725,2.233563360348013,-0.4189900679473995,1
25_2,2.211674302022774,0.48651269712619094,0.4312995727531673,-1.1312860015755375,-0.06445211946397501,-0.6636622592119816,-0.9650450365250705,1.9871530011234346,0.5076898015444066,-0.7679435259177173,1.1829918049133568,1.0852677894682263,1.2195495986350644,-1.9036368998643172,1.933845536435477,-0.6069445872586733,3
25_3,2.2127506481353305,0.4290952545560588,0.6086851640494289,-0.8673023577273091,-0.03505457592533015,-0.6325814423639655,-0.6811427621905397,1.9120183321593518,0.3980255917963149,-0.7396316770789869,1.4054007921041864,1.297662915400855,0.9706453480682358,-2.1300413381067314,1.9794373409371373,-0.405221268471568,5
25_4,1.714550612166928,0.21304699636868962,0.34645351938817426,-0.9224086078009871,-0.16280320716934824,-0.43243559697165557,-0.668780010069036,2.009247100798791,-0.006550654951788998,-0.5320239964746494,1.773036525324928,0.8019441586807793,0.8977420654186805,-1.8342126257064342,1.871244827763583,-0.5675969856803348,5
25_5,1.7336704934661893,0.4900745185345359,0.4443236736258187,-1.070028258875741,-0.06621786385933888,-0.7983142058306896,-0.05121400961895528,1.667013447326823,-0.025226134257035876,-0.9743711925148113,1.4830743342866493,0.7475035182800728,1.0347972107099963,-1.9731481744170831,1.8097993635748097,-0.4925188499025158,4
26_1,-0.19906370815193436,0.9863791993687889,-1.333410195927612,0.3746658604357128,-0.33632866977657494,0.3161072197711282,-0.36211129319460983,-0.08533587224364764,0.15137464802257017,-0.7783135750770671,0.41567575415524316,1.528061258705442,-1.9623533982115213,-0.8638806182761923,-0.6146221310655646,-1.0098996667971407,5
26_2,-0.23938499516784778,0.9724044937661298,-2.0351926720183258,0.463628198000675,0.04296696569699576,0.039439056511390194,0.33445872971550594,0.49248435261574075,0.5647323617517495,-0.6326792887759509,0.3894205103691824,1.13057885208088,-1.5732129830348474,-0.960362317914771,-0.49876836615891484,-1.2500310045086114,5
26_3,-0.11192499434825333,0.8242423236828065,-1.5156520103097568,0.42674401792503674,-0.4408639332703307,0.4994916681755132,-0.04077969707976602,0.2553174951090659,0.7217389908311356,-0.9568619400329064,0.49730997615305933,1.2438505734803407,-1.3835107626954661,-0.7202559951259722,-0.5870028509131909,-1.093548872305115,5
26_4,-0.10208977387997845,0.8593165866389152,-1.5645752923233882,0.26843379181108246,-0.05298175998986421,0.29871290949177637,0.3162213243561219,0.18974525927685326,0.4343867530071264,-0.2232964182944383,0.516568012822158,1.3053382888315894,-1.2830647332158696,-0.7090557549858019,-0.5554520212551313,-0.8773702149876597,5
26_5,0.1086986824424201,0.7598794302635363,-1.692006211764107,0.2984511149092891,-0.21822472151720876,-0.20622697717345434,0.3770337997347369,0.134474494142779,0.5327004128955294,-1.071116873727071,0.5617165582999867,1.1928295801027553,-1.5895502911093744,-0.915149467254728,-0.7438627543902188,-1.209693091368496,4
27_1,0.11796964587639285,1.3102776609416327,0.02655131721292,0.4171029700513764,0.5818903204996769,-0.26978141121735,-0.046219375113730435,-0.6871847310393627,0.4380994477256899,-0.725137830004136,1.1129938510921067,0.8720705183795215,-1.2275365840235166,-1.2425071339546676,-0.29065602770290677,-0.09402113303943038,5
27_2,-0.07522254732718162,0.8580830780718327,-0.13427182681515168,0.2180815590030313,0.04032156623274513,0.40595872046597065,0.038968997333818714,-0.48892731347856955,0.4688451744074048,-0.23201595043088025,1.396354127933679,0.47110131060638,-1.6138073743570267,-1.096074878116385,-0.3815270921765971,-0.324680029840171,5
27_3,0.3431221392280157,1.3521365784956108,0.3788801365556973,0.6402337205502455,0.2594971478803072,-0.20835259784250224,0.04613027399036773,-0.5835205035270106,0.4612432994769602,-0.7165436775226228,1.9837015200924324,0.9175413806322721,-1.6153983202324205,-1.2503601527343644,0.1290244152185757,-0.3724360991790086,5
27_4,0.334264800726386,0.9227785394745804,0.08620926688914468,0.4616556863332896,0.3626294114235457,0.002425788541798959,0.06610965144532839,-0.4319116136674322,0.02272053747153835,-0.19226469656304807,1.5082111400852642,0.5136964855606627,-1.5651173028959788,-1.7098959352871625,0.06555883797465592,-0.3241276019288825,5
27_5,-0.11695606288673294,1.1155324119907746,0.30872943873676767,0.3767365601789643,0.6719990237999132,-0.1366262265105236,-0.02021765151660232,-0.6479099089602856,0.26940922758273006,-0.10426577522744296,1.6665833873748872,1.0195136878595172,-1.4554304935928113,-1.4352636717508132,-0.48209847049455945,-0.2676152904068334,5
28_1,-0.3587996233276041,1.2910350741234518,-0.7537435064189464,0.8119461213082613,-0.06735474750420248,-0.6649929463262709,-1.8115771785920372,-2.1133607667495458,-0.6900457703112686,0.05577392407985185,1.3473650640906305,0.9421610015483657,-0.6512968525491558,0.3376777930857118,1.547667671909365,1.9046056162208898,5
28_2,0.02575944125455365,1.1703710391339845,-1.1027443086709414,1.369026400007682,-0.22903808484805452,-0.6617399630517264,-1.787199908100542,-1.7811733352860015,-0.28466513854241116,-0.2617846983578788,1.3947118907015768,0.9426263604761316,-0.6021067465482731,0.46862019611648115,1.5220831875262328,1.917715925696834,5
28_3,-0.25707784858563565,0.932141811884992,-1.107703965578893,1.148874767671946,0.06799033630793924,-1.1302804692115214,-2.029006898602698,-1.4002885845251833,-0.4990077269140143,0.1595869233071272,1.4344181760481975,0.7993805790265355,-1.0415471540023322,0.7070688572443793,1.701112864567045,1.9125920557951266,3
28_4,-0.238187634855388,1.114332641766845,-0.793235267990217,1.0893377773016648,-0.0013575295027464934,-1.2059224460117166,-1.6827565547826695,-1.4658804721430232,-0.7991102483359055,-0.2046899711660006,1.2141425230266047,0.6581145214251408,-1.1849208184256717,0.36248323263585713,1.311103615976238,1.7813542837621332,5
28_5,-0.5365585920947137,0.8909685057338308,-1.1291751640354966,1.0429762423806368,-0.11887254331175456,-1.3682200260609025,-1.842594122062694,-1.491285169786532,-0.5468475150668112,-0.2806357863649848,1.2634634123017645,0.6137485504187767,-0.8452290861552575,0.2389795565340053,1.7661718318404802,1.516744122643213,5
29_1,0.15359362877082353,-0.9018399458674313,-0.9209009505739192,0.04540601456835785,-1.6632509567438123,0.6814853626442362,-0.5061069511967748,-0.03960611436152707,-2.550718062736461,-0.6875865611775454,-1.2707502877586994,-2.1147913696582967,0.487217618854935,1.8520458700862255,1.0242411186344484,0.2888321854566821,5
29_2,0.18774106648492905,-1.1229856308319728,-0.7848442723740634,0.3432334317065119,-0.982622875591781,0.7495531802825002,-0.7875213511169432,-0.3279857906156521,-1.590380033530587,-0.6273577786970936,-1.1425054343776773,-2.5414169228683794,0.4240687239885782,1.4737070528816334,1.0078985372087828,0.573866149274009,5
29_3,0.3124941520031949,-1.1011862553056668,-1.1521728540392098,0.1070589429047795,-1.496382613199636,0.5821522651621556,-0.9531087020523202,0.2143705552351934,-1.8625323019389322,-0.5627815591256013,-1.1055484254526593,-2.228293300353983,0.6458419044958795,1.4455920990173163,0.9929953904867672,0.5463248466264025,5
29_4,0.06870070267048645,-1.240354176033688,-1.0587081230194828,0.26383774913191155,-1.5538404716871668,0.8730395630728073,-1.264051652586776,-0.14158082686293372,-1.8919787053284225,-0.5757385518398734,-1.3731618220881223,-2.4555123286355878,0.600280635001592,1.6036937354102985,0.6818273426789518,0.2575506593767915,5
29_5,0.22746922620741306,-1.3058063328084732,-0.7778330764687715,-0.26215891899711763,-1.1920464599252978,0.7082950317600163,-0.966519547634426,-0.24665799510867914,-1.4037571888728153,-0.3495035437878278,-1.1816044597093904,-2.144609945430902,0.4116755442103247,1.6415287301377746,1.1407408467063704,0.5792615434341781,5
30_1,-0.15034597164231475,0.6570506710622916,-0.08062503440108527,-0.2905053724464622,-0.5502194203309698,0.5886830919456121,-1.660940174193425,0.8995802300972218,-0.4551338641085903,-1.1429069744620572,-0.43166236110613915,1.3075972961479083,-0.5585808956406147,0.40139625484372554,-0.4153326642030364,0.9550117870466632,5
30_2,-0.22117919004448744,0.39400907465052165,-0.23804965172283285,-0.6204337730638272,-0.37158119660034106,0.5371842665260389,-1.7348375940774898,0.49470506835119654,-0.4379129990277428,-1.289939029715559,-0.6140482338050188,1.0068735675770943,-0.6290218566722965,0.12751466968304703,-0.9500364563173206,0.8176002192368804,5
30_3,-0.2704056294735754,-0.3108982897771354,-0.08289147693363914,-0.7503309821410715,-0.32863402492939553,0.48499020612591137,-1.423839500278463,1.0547804129536416,-0.6059777090502214,-0.7805966994572462,-0.26357454514373674,1.2098381594187837,-0.3082110575796343,0.1371949157272934,-0.895859108021008,0.6362039052756795,2
30_4,-0.08373285876314743,0.3455577660502173,-0.12874261647353183,-0.34206649251150695,-0.7758717322183469,0.32188059796814567,-1.453293449952563,0.7764426871517909,-0.3331813858980571,-1.258878542182916,-0.2196065774339105,1.6215830067417143,-0.8558703159879419,0.11533401901877058,-0.7223396741105962,0.7066116538130448,3
30_5,0.09443621105834321,0.4493067687352327,-0.08885954818209026,-0.252373575173449,-0.4764896814377223,0.43078213107826,-1.481729939657342,0.5681683470909843,-0.62181368644964,-1.1494929792553863,-0.42023084282653933,1.1212610322762302,-0.45066669729450803,0.7746067990174581,-1.0798224195711248,0.8743707454363717,5
